Branch Name,Chainage,Number
BHG2-8,BHG,chainage 0,0.000
长BHG2-9,BHG,chainage 1,81.078
长BHG2-10,BHG,chainage 2,212.572
长BHG2-11,BHG,chainage 3,1375.158
长BHG2-12,BHG,chainage 4,2114.923
长BHG2-13,BHG,chainage 5,2995.760
长BHG2-14,BHG,chainage 6,3803.186
BHG2,chainage 0,0.000
长BHG2-3,BHG2,chainage 1,58.413
BHG2,chainage 2,466.246
BHG1,BHG2,chainage 3,764.205
BHG0,BHG2,chainage 4,2311.443
BHG-1,BHG2,chainage 5,3032.615
BHG2,chainage 6,3633.926
BHG3,chainage 0,75.317
长BHG2-1,BHG3,chainage 1,695.991
长BHG2-2,BHG3,chainage 2,1259.656
BHG4,chainage 0,0.000
长BHG-8,BHG4,chainage 1,388.277
BHG4,chainage 2,734.259
BTG,chainage 0,91.477
BTG,chainage 1,251.563
BTG,chainage 2,1147.608
BTG,chainage 3,1985.876
BTG,chainage 4,2405.324
BTG,chainage 5,2578.362
BTG,chainage 6,3289.816
BTG,chainage 7,3956.774
BTG,chainage 8,4523.047
BTG,chainage 9,5050.454
BTG,chainage 10,5165.371
BTG2,chainage 0,0.000
BTG2,chainage 1,277.391
BTG2,chainage 2,1018.955
BTG2,chainage 3,1586.820
BTG2,chainage 4,1620.060
CHBX,chainage 0,0.000
CHBX,chainage 1,478.362
CHBX,chainage 2,2008.836
CHBX,chainage 3,3389.037
CHBX,chainage 4,3730.821
CHBX2,chainage 0,0.000
CHBX2,chainage 1,45.523
CHBX2,chainage 2,364.994
CHBX2,chainage 3,810.388
CHBX2,chainage 4,1165.281
CHBX2,chainage 5,1680.982
CHBX2,chainage 6,2160.684
CHBX2,chainage 7,2525.577
CHBX2,chainage 8,3026.598
CHBX2,chainage 9,4098.647
CHBX2,chainage 10,4231.368
CHG,chainage 0,81.393
CHG,chainage 1,1358.906
CHG,chainage 2,2438.056
CHG,chainage 3,3504.078
CHG,chainage 4,4206.702
CHG,chainage 5,4539.719
CHG,chainage 6,4897.658
CHG,chainage 7,5629.560
CHG,chainage 8,6559.612
CHG,chainage 9,6714.940
CQJ,chainage 0,0.000
CQJ,chainage 1,76.135
CQJ,chainage 2,355.292
CQJ,chainage 3,631.065
CQJ,chainage 4,1021.222
CQJ,chainage 5,1386.987
CXG,chainage 0,230.451
CXG,chainage 1,1030.223
CXG,chainage 2,1941.929
CXG,chainage 3,2841.906
CXG,chainage 4,3706.627
CXG,chainage 5,5454.829
CXG,chainage 6,6151.823
CXG,chainage 7,7245.217
CXG,chainage 8,8121.615
CXG,chainage 9,9205.687
CXG,chainage 10,10029.148
CXG,chainage 11,11073.126
CXG,chainage 12,12057.144
CXG,chainage 13,12732.472
CXG,chainage 14,13560.486
CXG,chainage 15,14827.936
CXG,chainage 16,17238.560
CXG,chainage 17,17969.186
CXG,chainage 18,18727.752
CYG,chainage 0,0.000
CYG,chainage 1,402.176
CYG,chainage 2,1835.682
CYG,chainage 3,3429.004
CYG,chainage 4,4905.174
CYG,chainage 5,6346.172
CYG,chainage 6,7688.527
CYG,chainage 7,8043.238
CYG2,chainage 0,0.000
CYG2,chainage 1,366.069
CYG3,chainage 0,0.000
CYG3,chainage 1,400.135
CYG3,chainage 2,756.611
HTQG,chainage 0,0.000
HTQG,chainage 1,93.810
HTQG,chainage 2,902.850
HTQG,chainage 3,1843.092
HTQG,chainage 4,2698.403
HTQG,chainage 5,3480.685
HTQG,chainage 6,3612.000
HXJ,chainage 0,0.000
HXJ,chainage 1,256.178
HXJ,chainage 2,862.596
HXJ,chainage 3,1445.313
HXJ,chainage 4,2019.436
HXXG,chainage 0,180.632
HXXG,chainage 1,817.825
HXXG,chainage 2,1615.304
HXXG,chainage 3,2587.719
HXXG,chainage 4,3310.488
HXXG,chainage 5,3868.879
HXXG,chainage 6,4678.028
HXXG,chainage 7,5504.703
HXXG,chainage 8,6520.381
HXXG,chainage 9,7626.138
HXXG,chainage 10,8743.824
HXXG,chainage 11,9560.737
HXXG,chainage 12,11173.926
HXXG,chainage 13,11564.500
HXXG,chainage 14,11903.275
HXXG,chainage 15,12977.958
HXXG,chainage 16,13983.055
HXXG,chainage 17,14712.047
LCG,chainage 0,0.000
LCG,chainage 1,435.642
LCG,chainage 2,1362.150
LCG,chainage 3,2342.039
LCG,chainage 4,3246.137
LCG,chainage 5,4461.669
LCG,chainage 6,4972.426
SZMG,chainage 0,0.000
SZMG,chainage 1,261.294
SZMG,chainage 2,805.201
SZMG,chainage 3,1277.494
SZMG,chainage 4,2039.370
SZMG,chainage 5,3015.908
SZMG,chainage 6,3423.251
SZMG,chainage 7,3833.391
SZMG,chainage 8,4190.630
SZMG,chainage 9,4655.747
SZMG,chainage 10,4849.512
XKHG,chainage 0,0.000
XKHG,chainage 1,241.882
XKHG,chainage 2,842.578
XKHG,chainage 3,1416.842
XKHG,chainage 4,1861.550
XKHG,chainage 5,2398.547
XKHG,chainage 6,3263.384
XKHG,chainage 7,3475.519
YJPG,chainage 0,0.000
YJPG,chainage 1,60.239
YJPG2,chainage 0,46.753
YJPG2,chainage 1,645.701
YJPG2,chainage 2,1593.755
YJPG2,chainage 3,2912.878
YJPG2,chainage 4,3888.075
YJPG2,chainage 5,4377.232
YJPG2,chainage 6,5291.915
YJPG2,chainage 7,6679.739
YJPG2,chainage 8,7308.738
YJPG2,chainage 9,7667.318
YJPG2,chainage 10,8129.662
YJPG2,chainage 11,8779.917
YJPG2,chainage 12,9271.036
YJPG2,chainage 13,9497.822
YJPG2,chainage 14,10209.781
YJPG2,chainage 15,11208.966
YJPG2,chainage 16,11628.520
YJPG2,chainage 17,12148.491
YJPG2,chainage 18,12390.898
YJPG2,chainage 19,13111.635
YJPG2,chainage 20,13755.183
YJPG2,chainage 21,14654.536
YJPG2,chainage 22,14723.510
YLJ,chainage 0,319.542
YLJ,chainage 1,745.307
YLJ,chainage 2,1291.872
ZWTG,chainage 0,0.000
ZWTG,chainage 1,112.123
ZWTG,chainage 2,1125.755
ZWTG,chainage 3,1783.942
ZWTG,chainage 4,2255.392
ZWTG,chainage 5,3505.246
ZWTG,chainage 6,4654.722
ZWTG,chainage 7,5792.438
ZWTG,chainage 8,7026.151
ZWTG,chainage 9,7273.151
