断面名称,长BHG-1, , .1,测量水位,1.14
点号,测量时间,坐标X,坐标Y,高程,起点距
1, , , ,3.81,0
2, , , ,3.5,5.43
3, , , ,1.6,8.5
4, , , ,1.34,10.25
5, , , ,1.17,10.82
6, , , ,0.62,11.42
7, , , ,0.24,12.44
8, , , ,0.07,14.07
9, , , ,0.08,14.1
10, , , ,0.06,16.57
11, , , ,0.57,19.54
12, , , ,1.29,20.86
13, , , ,2.33,24.22
14, , , ,2.79,24.49
15, , , ,6.09,24.68
16, , , ,6.07,24.81
17, , , ,3.81,24.96
18, , , ,3.79,28.7
断面名称,长BHG-2, , ,测量水位,1.15
点号,测量时间,坐标X,坐标Y,高程,起点距
1, , , ,3.46,0
2, , , ,3.52,4.35
3, , , ,3.33,12.63
4, , , ,3.72,13.22
5, , , ,3.74,13.77
6, , , ,1.79,13.99
7, , , ,1.42,14.24
8, , , ,0.97,15.45
9, , , ,0.5,15.81
10, , , ,-0.01,16.99
11, , , ,-0.4,18.99
12, , , ,-0.36,20.86
13, , , ,-0.13,22.71
14, , , ,0.56,24.62
15, , , ,0.97,25.82
16, , , ,1.42,29.45
17, , , ,1.53,29.6
18, , , ,3.38,30.08
断面名称,长BHG-3, , ,测量水位,1.16
点号,测量时间,坐标X,坐标Y,高程,起点距
1, , , ,4.85,0
2, , , ,4.83,8.57
3, , , ,1.63,9.15
4, , , ,1.08,10.09
5, , , ,1.26,10.66
6, , , ,0.37,12.59
7, , , ,-0.1,15.48
8, , , ,0.05,19.57
9, , , ,1.02,21.67
10, , , ,1.46,21.89
11, , , ,1.76,22.77
12, , , ,3.7,24.1
13, , , ,3.56,33.8
断面名称,长BHG-4, , ,测量水位,1.12
点号,测量时间,坐标X,坐标Y,高程,起点距
1, , , ,2.3,0
2, , , ,3.06,0.56
3, , , ,2.99,0.65
4, , , ,3.27,15.12
5, , , ,0.9,17.7
6, , , ,-0.69,20.27
7, , , ,-0.69,20.27
8, , , ,-0.79,29.57
9, , , ,-0.89,39.57
10, , , ,-0.89,39.57
11, , , ,-1,43.89
12, , , ,-1.39,50.84
13, , , ,-1.39,50.84
14, , , ,-1.38,54.83
15, , , ,-1.3,66.14
16, , , ,-1.21,72.11
17, , , ,-1.21,72.11
18, , , ,-1.03,79.05
19, , , ,-0.66,85.36
20, , , ,-0.66,85.36
21, , , ,1.96,89.83
22, , , ,3.93,92.59
23, , , ,3.95,103.74
断面名称,长BHG-5, , ,测量水位,1.11
点号,测量时间,坐标X,坐标Y,高程,起点距
1, , , ,2.55,0
2, , , ,3.36,0.42
3, , , ,3.38,0.86
4, , , ,3.31,5.34
5, , , ,3,6.45
6, , , ,2.47,7.11
7, , , ,2.17,14.14
8, , , ,2.17,14.14
9, , , ,2.24,21.07
10, , , ,3.08,21.62
11, , , ,3.05,25.53
12, , , ,2.41,27.24
13, , , ,2.33,28.32
14, , , ,0.98,29.1
15, , , ,0.85,33
16, , , ,0.8,36.79
17, , , ,0.5,39.35
18, , , ,0.21,42.54
19, , , ,0,46.31
20, , , ,-0.13,49.25
21, , , ,-0.21,53.99
22, , , ,-0.51,61.09
23, , , ,-0.41,65.46
24, , , ,0.69,74.01
25, , , ,1.11,83.67
26, , , ,2.42,84.37
27, , , ,2.49,93.87
28, , , ,2.94,105.27
29, , , ,2.7,106.83
断面名称,长BHG-6, , ,测量水位,1.14
点号,测量时间,坐标X,坐标Y,高程,起点距
1, , , ,3.23,0
2, , , ,3.18,7.92
3, , , ,2.89,10.42
4, , , ,1.15,12.87
5, , , ,0.11,14.71
6, , , ,-0.33,18.13
7, , , ,-0.33,18.13
8, , , ,-0.73,23.72
9, , , ,-0.73,23.72
10, , , ,-1.31,30.69
11, , , ,-1.31,30.69
12, , , ,-0.9,36.16
13, , , ,-0.9,36.16
14, , , ,-0.67,42.79
15, , , ,-0.67,42.79
16, , , ,-0.03,46.8
17, , , ,0.3,50.78
18, , , ,1.04,53.61
19, , , ,1.46,54.12
20, , , ,2.72,55.77
21, , , ,3.08,58.68
断面名称,长BHG-7, , ,测量水位,1.11
点号,测量时间,坐标X,坐标Y,高程,起点距
1, , , ,2.86,0
2, , , ,2.94,7.07
3, , , ,2.51,13.71
4, , , ,1.7,14.53
5, , , ,1.4,16.89
6, , , ,1.16,18.2
7, , , ,0.88,22.43
8, , , ,-0.29,26.77
9, , , ,-0.3,30
10, , , ,-0.34,34.13
11, , , ,-0.39,38.51
12, , , ,-0.21,42.13
13, , , ,0.68,45.53
14, , , ,1.26,47.88
15, , , ,1.62,51.4
16, , , ,1.47,57.16
17, , , ,1.9,58.08
18, , , ,3.28,58.81
19, , , ,3.39,60.26
20, , , ,3.43,62.99
21, , , ,3.28,64.25
22, , , ,2.67,64.38
23, , , ,2.96,77.91
断面名称,长BHG-8, , ,测量水位,1.14
点号,测量时间,坐标X,坐标Y,高程,起点距
1, , , ,3.39,0
2, , , ,2.61,2.27
3, , , ,3.12,23.82
4, , , ,3.3,26.13
5, , , ,1.76,26.98
6, , , ,-0.59,31.56
7, , , ,-0.59,31.56
8, , , ,-0.6,35.98
9, , , ,-0.82,40.15
10, , , ,-1,44.21
11, , , ,-1,44.21
12, , , ,-0.96,49.65
13, , , ,-0.9,54.99
14, , , ,-0.9,54.99
15, , , ,-0.77,60.08
16, , , ,-0.7,66.68
17, , , ,-0.7,66.68
18, , , ,-0.6,70.78
19, , , ,-0.56,75.67
20, , , ,-0.54,77.08
21, , , ,-0.54,77.08
22, , , ,1.24,82.55
23, , , ,3.47,83.11
24, , , ,3.47,84.84
25, , , ,2.31,87.3
26, , , ,2.84,91.61
27, , , ,1.49,95.2
28, , , ,1.48,122.79
断面名称,长BHG2-1, , ,测量水位,1.65
点号,测量时间,坐标X,坐标Y,高程,起点距
1, , , ,2.45,0
2, , , ,2.42,3.05
3, , , ,3.21,4.54
4, , , ,3.33,6.13
5, , , ,2.78,7.08
6, , , ,2.54,9.36
7, , , ,1.56,10.58
8, , , ,0.78,11.06
9, , , ,0.65,12.59
10, , , ,0.54,15.39
11, , , ,0.46,18.42
12, , , ,0.77,22.14
13, , , ,1.04,26.56
14, , , ,3.32,29.64
15, , , ,3.52,32.28
16, , , ,3.16,44.53
17, , , ,2.75,45.18
18, , , ,2.79,49.69
断面名称,长BHG2-2, , ,测量水位,1.64
点号,测量时间,坐标X,坐标Y,高程,起点距
1, , , ,1.94,0
2, , , ,2.26,5.39
3, , , ,3.13,7.53
4, , , ,2.63,8.9
5, , , ,2.38,12.72
6, , , ,1.79,13.48
7, , , ,1.39,13.91
8, , , ,1.07,16.85
9, , , ,0.98,21.08
10, , , ,1.27,26.4
11, , , ,1.67,31.03
12, , , ,1.63,35.19
13, , , ,3.05,36.61
14, , , ,2.96,39.27
15, , , ,2.52,44.47
16, , , ,2.46,46.18
断面名称,长BHG2-3, , ,测量水位,1.61
点号,测量时间,坐标X,坐标Y,高程,起点距
1, , , ,3.5,0
2, , , ,3.28,2.04
3, , , ,3.04,4.23
4, , , ,1.33,7.84
5, , , ,1.02,9.21
6, , , ,0.81,11.8
7, , , ,0.4,13.95
8, , , ,0.54,14.32
9, , , ,0.5,15.82
10, , , ,0.83,18.59
11, , , ,0.8,19.56
12, , , ,0.74,21.77
13, , , ,0.96,24.45
14, , , ,0.51,29.55
15, , , ,0.38,31.52
16, , , ,0.75,34.21
17, , , ,0,36.22
18, , , ,-0.31,37.76
19, , , ,-0.33,38.61
20, , , ,-0.2,39.8
21, , , ,3.65,42.46
22, , , ,3.83,43.66
23, , , ,3.95,45.02
24, , , ,3.88,49.64
断面名称,长BHG2-4, , ,测量水位,1.62
点号,测量时间,坐标X,坐标Y,高程,起点距
1, , , ,2.37,0
2, , , ,2.63,1.48
3, , , ,2.64,2.51
4, , , ,3.17,4.67
5, , , ,3.78,11.85
6, , , ,3.48,13.65
7, , , ,2.04,14.65
8, , , ,0.25,15.91
9, , , ,0.2,18.47
10, , , ,0.16,23.44
11, , , ,0.11,26.49
12, , , ,0.08,26.64
13, , , ,0.03,27.98
14, , , ,-0.15,29.94
15, , , ,-0.23,32.51
16, , , ,-0.02,34.36
17, , , ,-0.05,34.77
18, , , ,0.24,39.55
19, , , ,0.93,47.72
20, , , ,1.62,49.34
21, , , ,3.31,51.67
22, , , ,3.37,54.24
23, , , ,3.14,57.29
24, , , ,2.42,61.75
25, , , ,2.31,64.39
断面名称,长BHG2-5, , ,测量水位,1.64
点号,测量时间,坐标X,坐标Y,高程,起点距
1, , , ,2.45,0
2, , , ,2.53,4.12
3, , , ,2.64,7.85
4, , , ,2.68,13.12
5, , , ,3.26,16.8
6, , , ,3.23,18.91
7, , , ,2.13,20.22
8, , , ,1.29,22.05
9, , , ,-0.11,25.78
10, , , ,-0.07,28.6
11, , , ,-0.15,31.59
12, , , ,-0.14,38.85
13, , , ,-0.19,46.44
14, , , ,-0.22,48.78
15, , , ,-0.39,54.35
16, , , ,-0.3,56.88
17, , , ,-0.25,59.44
18, , , ,-0.22,62.16
19, , , ,-0.23,64.9
20, , , ,-0.18,67.67
21, , , ,-0.14,70.29
22, , , ,-0.17,72.78
23, , , ,-0.4,75.35
24, , , ,-0.28,77.92
25, , , ,-0.29,80.51
26, , , ,-0.23,83.21
27, , , ,-0.33,86.07
28, , , ,-0.2,88.86
29, , , ,-0.22,91.53
30, , , ,-0.05,94.17
31, , , ,0.03,96.8
32, , , ,0.18,99.29
33, , , ,0.24,101.82
34, , , ,0.29,104.38
35, , , ,0.22,106.97
36, , , ,0.25,109.54
37, , , ,0.25,112.16
38, , , ,0.18,114.74
39, , , ,0.23,117.25
40, , , ,0.14,119.69
41, , , ,0.04,122.31
42, , , ,0.12,124.67
43, , , ,-0.06,127.3
44, , , ,-0.06,129.87
45, , , ,-0.03,133.98
46, , , ,0,136.78
47, , , ,0,139.59
48, , , ,-0.17,140.96
49, , , ,-0.21,143.9
50, , , ,-0.15,146.58
51, , , ,-0.07,149.26
52, , , ,-0.11,152.07
53, , , ,-0.16,153.5
54, , , ,-0.09,156.32
55, , , ,0.16,159.38
56, , , ,0.19,162.35
57, , , ,0.22,165.59
58, , , ,0.21,168.2
59, , , ,0.24,170.86
60, , , ,0.3,172.63
61, , , ,0.28,174.26
62, , , ,0.26,176.39
63, , , ,0.29,178.98
64, , , ,0.42,180.52
65, , , ,0.29,184.5
66, , , ,0.44,186.31
67, , , ,0.28,187.85
68, , , ,1.64,190.82
69, , , ,3.02,191.97
70, , , ,3.07,193.7
71, , , ,2.02,196.01
72, , , ,1.92,200.08
断面名称,长BHG2-6, , ,测量水位,1.59
点号,测量时间,坐标X,坐标Y,高程,起点距
1, , , ,2.31,0
2, , , ,2.6,4.4
3, , , ,3,5.89
4, , , ,3.39,8.21
5, , , ,3.37,10.23
6, , , ,3.34,11.87
7, , , ,1.31,13.12
8, , , ,0.16,16.26
9, , , ,-0.09,23.55
10, , , ,-0.08,30.83
11, , , ,0.11,37.49
12, , , ,0.2,40.64
13, , , ,1.14,44.61
14, , , ,1.74,49.35
15, , , ,2.69,50.02
16, , , ,2.8,51.69
17, , , ,2.61,54.66
18, , , ,2.29,59.88
19, , , ,2.17,62.02
断面名称,长BHG2-7, , ,测量水位,1.61
点号,测量时间,坐标X,坐标Y,高程,起点距
1, , , ,2.04,0
2, , , ,1.78,2.21
3, , , ,1.94,4.74
4, , , ,2.37,6.24
5, , , ,2.35,7.55
6, , , ,3.07,9.54
7, , , ,4.13,11.54
8, , , ,3.69,13.03
9, , , ,2.52,13.84
10, , , ,2.39,13.92
11, , , ,1.4,14.69
12, , , ,0.54,18.55
13, , , ,0.43,21.64
14, , , ,0.51,24.69
15, , , ,1.36,27.62
16, , , ,1.43,33.04
17, , , ,1.79,34.34
18, , , ,2.8,38.71
19, , , ,2.85,42.75
20, , , ,3.2,49.58
21, , , ,2.96,57.74
断面名称,长BHG2-8, , ,测量水位,1.62
点号,测量时间,坐标X,坐标Y,高程,起点距
1, , , ,5.72,0
2, , , ,5.62,8.67
3, , , ,1.23,9.46
4, , , ,-0.27,10.2
5, , , ,-0.27,10.2
6, , , ,-0.54,12.61
7, , , ,-1.19,17.31
8, , , ,-1.19,17.31
9, , , ,-0.84,19.01
10, , , ,-0.04,23.64
11, , , ,-0.04,23.64
12, , , ,1.23,27.3
13, , , ,5.75,28.81
14, , , ,5.76,38.31
断面名称,长BHG2-9, , ,测量水位,1.53
点号,测量时间,坐标X,坐标Y,高程,起点距
1, , , ,2.85,0
2, , , ,2.85,9.63
3, , , ,1.23,17.56
4, , , ,-0.59,19.82
5, , , ,-0.72,22.8
6, , , ,-0.94,23.95
7, , , ,-1.29,26.89
8, , , ,-0.84,31.98
9, , , ,-0.5,35.65
10, , , ,-0.5,35.65
11, , , ,1.53,39.09
12, , , ,1.75,46.47
13, , , ,2.85,57.96
14, , , ,2.86,68.16
断面名称,长BHG2-10, , ,测量水位,1.58
点号,测量时间,坐标X,坐标Y,高程,起点距
1, , , ,2.47,0
2, , , ,2.74,6.5
3, , , ,3.12,7.14
4, , , ,2.7,7.86
5, , , ,2.56,14.11
6, , , ,2.38,20.46
7, , , ,1.69,21.26
8, , , ,-0.49,23.36
9, , , ,-0.49,23.36
10, , , ,-0.56,27.3
11, , , ,-0.96,32.1
12, , , ,-1.15,37.25
13, , , ,-1.15,37.25
14, , , ,-0.85,43.39
15, , , ,-0.45,50.68
16, , , ,-0.37,53.27
17, , , ,-0.37,53.27
18, , , ,3.68,57.48
19, , , ,3.73,60.17
20, , , ,2.97,60.97
21, , , ,2.56,65.16
22, , , ,2.06,67.32
23, , , ,2.08,74.5
断面名称,长BHG2-11, , ,测量水位,1.72
点号,测量时间,坐标X,坐标Y,高程,起点距
1, , , ,3.75,0
2, , , ,3.75,0
3, , , ,3.42,5.15
4, , , ,3.42,5.15
5, , , ,3.09,8.9
6, , , ,3.09,8.9
7, , , ,2.91,11.6
8, , , ,2.91,11.6
9, , , ,1.77,12.06
10, , , ,1.77,12.06
11, , , ,1.75,15.35
12, , , ,-0.61,15.74
13, , , ,-0.61,15.74
14, , , ,-0.69,20.51
15, , , ,-0.78,24.88
16, , , ,-0.81,27.4
17, , , ,-0.81,27.4
18, , , ,-0.75,30.46
19, , , ,-0.63,35.4
20, , , ,-0.5,37.66
21, , , ,-0.5,37.66
22, , , ,2.12,42.12
23, , , ,2.1,46.46
24, , , ,3.54,47.71
25, , , ,3.65,49.95
26, , , ,3.16,55.15
27, , , ,2.74,61.08
28, , , ,2.86,66.12
断面名称,长BHG2-12, , ,测量水位,1.71
点号,测量时间,坐标X,坐标Y,高程,起点距
1, , , ,1.81,0
2, , , ,2.08,2.06
3, , , ,1.62,2.23
4, , , ,1.83,3.76
5, , , ,3.41,6.56
6, , , ,3.37,9.03
7, , , ,2.27,10.88
8, , , ,1.7,11.87
9, , , ,0.13,17.45
10, , , ,-0.05,23.18
11, , , ,-0.17,29.41
12, , , ,-0.23,34.69
13, , , ,-0.21,40.47
14, , , ,-0.15,45.84
15, , , ,-0.05,51.54
16, , , ,2.17,54.55
17, , , ,2.98,55.91
18, , , ,2.94,59.96
19, , , ,3.18,64.74
20, , , ,3.1,69.73
断面名称,长BHG2-13, , ,测量水位,1.69
点号,测量时间,坐标X,坐标Y,高程,起点距
1, , , ,0,0
2, , , ,3.65,0
3, , , ,3.1,6.04
4, , , ,3.17,11.43
5, , , ,3.38,15.56
6, , , ,3.63,19.43
7, , , ,3.93,22.13
8, , , ,3.93,25.09
9, , , ,2.87,27.07
10, , , ,1.28,28.13
11, , , ,0.38,32.15
12, , , ,0.17,34.8
13, , , ,-0.02,37.27
14, , , ,0.16,40.91
15, , , ,-0.02,43.97
16, , , ,-0.03,46.52
17, , , ,0.05,50.36
18, , , ,0.65,54.59
19, , , ,0.65,57.05
20, , , ,0.64,58.95
21, , , ,0.77,61.99
22, , , ,2.01,68.03
23, , , ,2.75,69.67
24, , , ,3.66,70.64
25, , , ,3.64,74.25
26, , , ,3.17,75.14
断面名称,长BHG2-14, , ,测量水位,1.68
点号,测量时间,坐标X,坐标Y,高程,起点距
1, , , ,1.97,0
2, , , ,1.84,5.14
3, , , ,3.48,9.34
4, , , ,3.74,11.35
5, , , ,2.76,13.15
6, , , ,2.03,13.86
7, , , ,0.25,14.55
8, , , ,0.13,17.55
9, , , ,0.03,20.27
10, , , ,0.01,22.69
11, , , ,0.47,25.41
12, , , ,0.63,27.78
13, , , ,1.67,30.88
14, , , ,2.46,31.29
15, , , ,3.36,32.96
16, , , ,3.6,36.6
17, , , ,2.21,38.74
断面名称,长BHG2-15, , ,测量水位,1.67
点号,测量时间,坐标X,坐标Y,高程,起点距
1, , , ,3.47,0
2, , , ,3.67,2.59
3, , , ,3.23,4.35
4, , , ,1.78,6.44
5, , , ,0.37,7.31
6, , , ,0.33,10.27
7, , , ,0.26,11.83
8, , , ,0.05,14.07
9, , , ,0.04,16.78
10, , , ,0.06,21.15
11, , , ,0.08,24.82
12, , , ,0.1,28.34
13, , , ,0.25,31.27
14, , , ,0.45,34.11
15, , , ,0.44,36.84
16, , , ,0.22,39.29
17, , , ,0.12,41.5
18, , , ,0.18,44.07
19, , , ,0.16,45.42
20, , , ,0.3,49.66
21, , , ,0.46,52.47
22, , , ,0.97,54.28
23, , , ,2.5,56.2
24, , , ,3.6,58.51
25, , , ,4.09,59.6
26, , , ,4.11,61.45
27, , , ,4.04,65.11
断面名称,长BHG2-16, , ,测量水位,1.66
点号,测量时间,坐标X,坐标Y,高程,起点距
1, , , ,3.2,0
2, , , ,3.52,3.43
3, , , ,3.59,4.21
4, , , ,2.59,6.06
5, , , ,1.66,8.13
6, , , ,1.15,9.07
7, , , ,0.3,11.51
8, , , ,0.28,13.6
9, , , ,0.28,15.67
10, , , ,0.22,18
11, , , ,0.14,20.49
12, , , ,0.01,23.02
13, , , ,-0.03,25.54
14, , , ,-0.09,28.14
15, , , ,-0.1,30.8
16, , , ,-0.13,33.67
17, , , ,-0.11,36.53
18, , , ,-0.14,39.35
19, , , ,0.04,42.22
20, , , ,0.01,45.05
21, , , ,0.07,47.89
22, , , ,0.07,50.75
23, , , ,0.1,53.67
24, , , ,0.14,56.55
25, , , ,0.15,59.49
26, , , ,0.17,62.44
27, , , ,0.12,65.37
28, , , ,0.15,68.24
29, , , ,0.09,71.08
30, , , ,0.1,74.1
31, , , ,0.01,77.16
32, , , ,0.03,80.22
33, , , ,0.06,83.31
34, , , ,0.03,86.48
35, , , ,0.03,89.65
36, , , ,-0.02,92.85
37, , , ,-0.06,96
38, , , ,0.03,99.16
39, , , ,0.01,102.33
40, , , ,-0.23,105.51
41, , , ,-0.17,108.7
42, , , ,-0.17,111.91
43, , , ,-0.21,115.1
44, , , ,-0.24,118.27
45, , , ,-0.1,121.43
46, , , ,-0.09,124.63
47, , , ,-0.19,127.88
48, , , ,-0.06,131.19
49, , , ,-0.11,134.5
50, , , ,-0.14,137.73
51, , , ,-0.08,140.96
52, , , ,-0.09,144.19
53, , , ,-0.11,154.06
54, , , ,-0.13,163.92
55, , , ,-0.14,173.79
56, , , ,-0.15,176.92
57, , , ,-0.21,180
58, , , ,-0.12,183.05
59, , , ,-0.08,185.85
60, , , ,-0.15,188.47
61, , , ,-0.12,190.57
62, , , ,-0.15,196.03
63, , , ,-0.09,201.54
64, , , ,-0.09,211.99
65, , , ,-0.06,221.01
66, , , ,0.03,228.02
67, , , ,-0.12,234.64
68, , , ,-0.12,244.58
69, , , ,-0.09,254.16
70, , , ,-0.12,266.75
71, , , ,-0.13,288.45
72, , , ,-0.09,296.9
73, , , ,-0.08,306.32
74, , , ,-0.12,313.8
75, , , ,-0.09,323.02
76, , , ,-0.11,333.32
77, , , ,-0.15,344.74
78, , , ,-0.2,352
79, , , ,-0.05,358.94
80, , , ,0.12,365.42
81, , , ,-0.14,368.83
82, , , ,0.21,373.62
83, , , ,2.38,377.01
84, , , ,2.68,377.28
85, , , ,3.62,379.29
86, , , ,4.03,381.93
87, , , ,4.09,383.41
88, , , ,3.79,383.77
89, , , ,3.28,384.57
90, , , ,2.69,384.83
断面名称,长BHG2-17, , ,测量水位,1.64
点号,测量时间,坐标X,坐标Y,高程,起点距
1, , , ,3.32,0
2, , , ,3.76,0.82
3, , , ,3.73,2.32
4, , , ,2.86,3.72
5, , , ,1.49,4.78
6, , , ,0.82,7.07
7, , , ,0.41,10.53
8, , , ,0.33,13.8
9, , , ,0.27,16.91
10, , , ,0.09,20.15
11, , , ,-0.01,20.48
12, , , ,-0.06,22.91
13, , , ,-0.2,25.74
14, , , ,-0.33,28.9
15, , , ,-0.38,32.2
16, , , ,-0.38,35.54
17, , , ,-0.22,38.76
18, , , ,-0.06,41.27
19, , , ,-0.03,42.87
20, , , ,-0.12,43.8
21, , , ,0.06,43.89
22, , , ,-0.03,44.17
23, , , ,-0.13,49.33
24, , , ,0.02,57.98
25, , , ,0.06,61.08
26, , , ,1.56,63.31
27, , , ,3.48,66.53
28, , , ,3.91,67.68
29, , , ,3.73,70.73
30, , , ,2.96,72.87
31, , , ,2.49,75.65
断面名称,长BHG2-18, , ,测量水位,1.66
点号,测量时间,坐标X,坐标Y,高程,起点距
1, , , ,3.02,0
2, , , ,3,2.66
3, , , ,3.01,6.65
4, , , ,1.21,8.01
5, , , ,-0.01,11.47
6, , , ,-0.02,14.87
7, , , ,-0.09,18.52
8, , , ,-0.21,20.36
9, , , ,-0.22,22.45
10, , , ,-0.35,25.26
11, , , ,-0.38,28.22
12, , , ,-0.25,31.2
13, , , ,-0.37,34.3
14, , , ,-0.32,37.35
15, , , ,-0.09,40.41
16, , , ,-0.05,43.47
17, , , ,-0.01,46.53
18, , , ,0.12,49.25
19, , , ,0.19,51.29
20, , , ,0.25,53.4
21, , , ,0.27,54.99
22, , , ,0.37,56.75
23, , , ,0.96,58.77
24, , , ,1.46,61.98
25, , , ,2.73,63.75
26, , , ,3.6,65.72
27, , , ,3.97,68.92
28, , , ,4.12,71.38
29, , , ,3.55,75.47
30, , , ,3.14,79.14
断面名称,长BHG2-19, , ,测量水位,1.65
点号,测量时间,坐标X,坐标Y,高程,起点距
1, , , ,3.69,0
2, , , ,3.27,1.96
3, , , ,3.25,5.06
4, , , ,2.79,16.36
5, , , ,3.35,21.48
6, , , ,3.52,23.55
7, , , ,3.17,25
8, , , ,1.83,25.91
9, , , ,0,26.79
10, , , ,-0.9,28.12
11, , , ,-1,29.87
12, , , ,-1.06,32.23
13, , , ,-1.22,36.73
14, , , ,-1.27,38.67
15, , , ,-1.28,40.84
16, , , ,-1.28,43.2
17, , , ,-1.34,45.27
18, , , ,-1.3,47.85
19, , , ,-1.37,53.05
20, , , ,-1.52,55.57
21, , , ,-1.48,58.16
22, , , ,-1.34,67.5
23, , , ,-1.2,77.26
24, , , ,-1.05,87.03
25, , , ,-0.93,89.38
26, , , ,-0.76,91.46
27, , , ,-0.55,93.2
28, , , ,-0.34,94.66
29, , , ,-0.2,95.66
30, , , ,-0.06,96.2
31, , , ,-0.15,99.75
32, , , ,0,102.84
33, , , ,-0.01,105.71
34, , , ,0,109.8
35, , , ,0.09,112.48
36, , , ,0.4,117.25
37, , , ,0.94,119.44
38, , , ,1.99,120.79
39, , , ,1.53,120.88
40, , , ,3.13,121.42
41, , , ,3.66,121.92
42, , , ,3.11,122.95
43, , , ,1.93,123.55
断面名称,长BHG2-20, , ,测量水位,1.62
点号,测量时间,坐标X,坐标Y,高程,起点距
1, , , ,3.38,0
2, , , ,3.86,9.49
3, , , ,3.69,16.84
4, , , ,3.13,23.95
5, , , ,2.99,25.54
6, , , ,1.54,26.96
7, , , ,1.19,27.12
8, , , ,0.2,28.13
9, , , ,-0.22,30.14
10, , , ,-0.32,32.1
11, , , ,-0.36,34.53
12, , , ,-0.23,36.53
13, , , ,-0.27,38.39
14, , , ,-0.11,40.81
15, , , ,0.06,42.46
16, , , ,0.42,45.38
17, , , ,0.3,47.83
18, , , ,1.53,48.68
19, , , ,2.96,51.52
20, , , ,2.77,51.87
21, , , ,3.17,53.08
22, , , ,3.44,55.85
断面名称,长BHG2-21, , ,测量水位,1.61
点号,测量时间,坐标X,坐标Y,高程,起点距
1, , , ,4.03,0
2, , , ,3.95,2.65
3, , , ,4.78,3.74
4, , , ,4.22,4.93
5, , , ,2.79,7.52
6, , , ,2.33,8.07
7, , , ,0.33,11.86
8, , , ,0.33,11.86
9, , , ,-0.06,14.23
10, , , ,-0.06,14.23
11, , , ,0.13,17.26
12, , , ,0.13,17.26
13, , , ,1.14,20.7
14, , , ,1.99,21.71
15, , , ,2.19,22.6
16, , , ,2.95,25.11
17, , , ,3.04,28.04
18, , , ,3.61,30.45
19, , , ,3.85,33.99
20, , , ,3.82,39.04
断面名称,长BHG2-22, , ,测量水位,1.56
点号,测量时间,坐标X,坐标Y,高程,起点距
1, , , ,4.65,0
2, , , ,4.48,2.78
3, , , ,3.53,4.36
4, , , ,2.44,8.18
5, , , ,1.7,9.47
6, , , ,-0.2,9.54
7, , , ,-0.2,9.54
8, , , ,-0.58,13.44
9, , , ,-0.58,13.44
10, , , ,-0.56,20.32
11, , , ,1.23,24.01
12, , , ,3.14,26.24
13, , , ,3.01,33.22
14, , , ,3.24,37.02
15, , , ,3.19,40.53
断面名称,长BHG2-23, , ,测量水位,1.58
点号,测量时间,坐标X,坐标Y,高程,起点距
1, , , ,1.62,0
2, , , ,3.49,21.42
3, , , ,2.91,28.3
4, , , ,2.34,32.69
5, , , ,1.42,33.41
6, , , ,0.21,34.92
7, , , ,0.09,37.94
8, , , ,0.07,38.59
9, , , ,0.03,41.02
10, , , ,-0.09,44.38
11, , , ,-0.04,45.81
12, , , ,-0.06,47.45
13, , , ,-0.07,50.27
14, , , ,-0.15,53.1
15, , , ,-0.12,56
16, , , ,0,58.96
17, , , ,2.07,64.35
18, , , ,3.19,67.68
19, , , ,3.14,69.95
20, , , ,3.28,74.24
21, , , ,1.59,76.66
22, , , ,1.55,86.11
断面名称,长BHG2-24, , ,测量水位,1.61
点号,测量时间,坐标X,坐标Y,高程,起点距
1, , , ,0.93,0
2, , , ,1.03,2.95
3, , , ,1.01,5.94
4, , , ,2,9.01
5, , , ,2.31,10.62
6, , , ,0.73,11.75
7, , , ,0.73,11.75
8, , , ,0.62,15.81
9, , , ,0.45,19.52
10, , , ,0.29,22.64
11, , , ,0.29,22.64
12, , , ,0.42,26.23
13, , , ,0.52,32.14
14, , , ,0.61,36.64
15, , , ,0.61,36.64
16, , , ,0.65,44.86
17, , , ,1.31,45.97
18, , , ,1.75,47.8
19, , , ,2.4,52.23
20, , , ,2.68,57.86
21, , , ,3.49,64.65
22, , , ,3.09,68.61
23, , , ,2.99,71.96
断面名称,长BHG2-25, , ,测量水位,1.62
点号,测量时间,坐标X,坐标Y,高程,起点距
1, , , ,3.32,0
2, , , ,3.2,3.39
3, , , ,3.36,3.73
4, , , ,3.7,10.49
5, , , ,3.99,16.7
6, , , ,3.95,22.36
7, , , ,4.12,27.55
8, , , ,4.12,31.59
9, , , ,3.98,36.7
10, , , ,3.76,40.1
11, , , ,3.65,42.27
12, , , ,2.01,46.03
13, , , ,1.48,46.76
14, , , ,0.36,47.69
15, , , ,0.36,47.69
16, , , ,0.25,51.53
17, , , ,0.25,51.53
18, , , ,0.48,56.26
19, , , ,0.48,56.26
20, , , ,2.27,57.27
21, , , ,2.7,58.24
22, , , ,3.88,70.45
23, , , ,3.8,74.72
断面名称,长BHG2-26, , ,测量水位,1.64
点号,测量时间,坐标X,坐标Y,高程,起点距
1, , , ,4.13,0
2, , , ,3.98,3.03
3, , , ,4.18,3.78
4, , , ,4.27,7.52
5, , , ,3.9,10.98
6, , , ,3.67,13.08
7, , , ,2.66,14.73
8, , , ,1.44,16.76
9, , , ,-0.53,17.45
10, , , ,-0.47,18.49
11, , , ,-0.77,20.23
12, , , ,-0.77,20.23
13, , , ,-0.74,22.77
14, , , ,-0.23,25.75
15, , , ,-0.39,28.47
16, , , ,2.71,28.98
17, , , ,3.18,29.48
18, , , ,3.88,30.68
19, , , ,4.43,31.35
20, , , ,4.44,33.06
21, , , ,4.01,34
22, , , ,3.16,34.81
